{
    "__comment": "Made with TheDestruc7i0n's advancements generator: https://advancements.thedestruc7i0n.ca",
    "display": {
        "title": {
            "text": "Ahoy!"
        },
        "description": {
            "text": "Find a shipwreck"
        },
        "icon": {
            "item": "minecraft:stripped_oak_log"
        },
        "frame": "task",
        "show_toast": true,
        "announce_to_chat": true,
        "hidden": false
    },
    "criteria": {
        "shipwreck": {
            "trigger": "minecraft:location",
            "conditions": {
                "feature": "shipwreck"
            }
        }
    },
    "parent": "bedrock_edition:echolocation"
}