{
    "__comment": "Made with TheDestruc7i0n's advancements generator: https://advancements.thedestruc7i0n.ca",
    "criteria": {
        "kelp_block": {
            "trigger": "minecraft:inventory_changed",
            "conditions": {
                "items": [
                    {
                        "item": "minecraft:dried_kelp_block"
                    }
                ]
            }
        }
    },
    "rewards": {
        "function": "bedrock_edition:alternative_fuel/start_testing"
    },
    "parent": "bedrock_edition:alternative_fuel"
}