{
    "__comment": "Made with TheDestruc7i0n's advancements generator: https://advancements.thedestruc7i0n.ca",
    "criteria": {
        "creeper_death": {
            "trigger": "minecraft:player_killed_entity",
            "conditions": {
                "entity": {
                    "type": "minecraft:creeper"
                },
                "killing_blow": {
                    "is_projectile": true,
                    "direct_entity": {
                        "type": "minecraft:arrow"
                    },
                    "source_entity": {
                        "type": "minecraft:player"
                    }
                }
            }
        }
    },
    "display": {
        "announce_to_chat": true,
        "description": {
            "text": "Kill a creeper with arrows."
        },
        "frame": "task",
        "hidden": false,
        "icon": {
            "item": "minecraft:creeper_head",
            "nbt": "{CustomModelData:1,display:{Name:\"Archer\"}}"
        },
        "show_toast": true,
        "title": {
            "text": "Archer"
        }
    },
    "parent": "bedrock_edition:time_to_strike"
}