{
    "__comment": "Made with TheDestruc7i0n's advancements generator: https://advancements.thedestruc7i0n.ca",
    "criteria": {
        "bred_mule": {
            "trigger": "minecraft:bred_animals",
            "conditions": {
                "child": {
                    "type": "minecraft:mule"
                },
                "parent": {
                    "type": "minecraft:horse"
                },
                "partner": {
                    "type": "minecraft:donkey"
                }
            }
        }
    },
    "display": {
        "announce_to_chat": true,
        "description": {
            "text": "Breed a mule from a horse and a donkey."
        },
        "frame": "task",
        "hidden": false,
        "icon": {
            "item": "minecraft:player_head",
            "nbt": "{SkullOwner:{Id:\"1fd5db60-329f-4dcd-9e8d-7d4adc68ff29\",Properties:{textures:[{Value:\"eyJ0ZXh0dXJlcyI6eyJTS0lOIjp7InVybCI6Imh0dHA6Ly90ZXh0dXJlcy5taW5lY3JhZnQubmV0L3RleHR1cmUvYTA0ODZhNzQyZTdkZGEwYmFlNjFjZTJmNTVmYTEzNTI3ZjFjM2IzMzRjNTdjMDM0YmI0Y2YxMzJmYjVmNWYifX19\"}]}}}"
        },
        "show_toast": true,
        "title": {
            "text": "Artificial Selection"
        }
    },
    "parent": "bedrock_edition:saddle_up"
}