{
    "__comment": "Made with TheDestruc7i0n's advancements generator: https://advancements.thedestruc7i0n.ca",
    "criteria": {
        "ruin": {
            "trigger": "minecraft:location",
            "conditions": {
                "feature": "ocean_ruin"
            }
        }
    },
    "display": {
        "announce_to_chat": true,
        "description": {
            "text": "Find an underwater ruin"
        },
        "frame": "task",
        "hidden": false,
        "icon": {
            "item": "minecraft:filled_map",
            "nbt": "{display:{MapColor:3830373}}"
        },
        "show_toast": true,
        "title": {
            "text": "Atlantis?"
        }
    },
    "parent": "bedrock_edition:echolocation"
}