{
    "__comment": "Made with TheDestruc7i0n's advancements generator: https://advancements.thedestruc7i0n.ca",
    "criteria": {
        "impossible": {
            "trigger": "minecraft:impossible"
        }
    },
    "display": {
        "announce_to_chat": true,
        "description": {
            "text": "Trade for the best possible price"
        },
        "frame": "goal",
        "hidden": false,
        "icon": {
            "item": "minecraft:player_head",
            "nbt": "{SkullOwner:\"MHF_Villager\"}"
        },
        "show_toast": true,
        "title": {
            "text": "Buy Low, Sell High"
        }
    },
    "rewards": {
        "experience": 50
    },
    "parent": "bedrock_edition:we_re_being_attacked"
}