{
    "__comment": "Made with TheDestruc7i0n's advancements generator: https://advancements.thedestruc7i0n.ca",
    "criteria": {
        "impossible": {
            "trigger": "minecraft:impossible"
        }
    },
    "display": {
        "title": {
            "text": "Castaway"
        },
        "description": {
            "text": "Eat nothing but dried kelp for three in-game days"
        },
        "icon": {
            "item": "minecraft:dried_kelp"
        },
        "frame": "challenge",
        "show_toast": true,
        "announce_to_chat": true,
        "hidden": false
    },
    "rewards": {
        "experience": 50
    },
    "parent": "bedrock_edition:time_for_stew"
}