{
    "__comment": "Made with TheDestruc7i0n's advancements generator: https://advancements.thedestruc7i0n.ca",
    "criteria": {
        "impossible": {
            "trigger": "minecraft:impossible"
        }
    },
    "display": {
        "announce_to_chat": true,
        "description": {
            "text": "Dye your bed a different color"
        },
        "frame": "task",
        "hidden": false,
        "icon": {
            "item": "minecraft:cyan_bed"
        },
        "show_toast": true,
        "title": {
            "text": "Change of Sheets"
        }
    },
    "parent": "bedrock_edition:have_a_shearful_day"
}