{
    "__comment": "Made with TheDestruc7i0n's advancements generator: https://advancements.thedestruc7i0n.ca",
    "criteria": {
        "beds": {
            "trigger": "minecraft:inventory_changed",
            "conditions": {
                "items": [
                    {
                        "tag": "minecraft:beds"
                    }
                ]
            }
        }
    },
    "rewards": {
        "function": "bedrock_edition:change_of_sheets/start_testing"
    },
    "parent": "bedrock_edition:change_of_sheets"
}