{
    "__comment": "Made with TheDestruc7i0n's advancements generator: https://advancements.thedestruc7i0n.ca",
    "criteria": {
        "impossible": {
            "trigger": "minecraft:impossible"
        }
    },
    "display": {
        "title": {
            "text": "Chestful of Cobblestone"
        },
        "description": {
            "text": "Mine 1,728 Cobblestone and place it in a chest"
        },
        "icon": {
            "item": "minecraft:cobblestone"
        },
        "frame": "task",
        "show_toast": true,
        "announce_to_chat": true,
        "hidden": false
    },
    "parent": "bedrock_edition:time_to_mine"
}