{
    "__comment": "Made with TheDestruc7i0n's advancements generator: https://advancements.thedestruc7i0n.ca",
    "criteria": {
        "leather": {
            "trigger": "minecraft:inventory_changed",
            "conditions": {
                "items": [
                    {
                        "item": "minecraft:leather"
                    }
                ]
            }
        }
    },
    "display": {
        "title": {
            "text": "Cow Tipper"
        },
        "description": {
            "text": "Harvest some leather"
        },
        "icon": {
            "item": "minecraft:leather"
        },
        "frame": "task",
        "show_toast": true,
        "announce_to_chat": true,
        "hidden": false
    },
    "parent": "bedrock_edition:getting_wood"
}