{
    "__comment": "Made with TheDestruc7i0n's advancements generator: https://advancements.thedestruc7i0n.ca",
    "criteria": {
        "salmon": {
            "trigger": "minecraft:inventory_changed",
            "conditions": {
                "items": [
                    {
                        "item": "minecraft:cooked_salmon"
                    }
                ]
            }
        },
        "cod": {
            "trigger": "minecraft:inventory_changed",
            "conditions": {
                "items": [
                    {
                        "item": "minecraft:cooked_cod"
                    }
                ]
            }
        }
    },
    "requirements": [
        [
            "salmon",
            "cod"
        ]
    ],
    "rewards": {
        "function": "bedrock_edition:delicious_fish/start_testing"
    },
    "parent": "bedrock_edition:delicious_fish"
}