{
    "__comment": "Made with TheDestruc7i0n's advancements generator: https://advancements.thedestruc7i0n.ca",
    "criteria": {
        "dispenser_recipe": {
            "trigger": "minecraft:inventory_changed",
            "conditions": {
                "items": [
                    {
                        "item": "minecraft:dispenser"
                    }
                ]
            }
        }
    },
    "rewards": {
        "function": "bedrock_edition:dispense_with_this/start_testing"
    },
    "parent": "bedrock_edition:dispense_with_this"
}