{
    "__comment": "Made with TheDestruc7i0n's advancements generator: https://advancements.thedestruc7i0n.ca",
    "criteria": {
        "trident": {
            "trigger": "minecraft:item_durability_changed",
            "conditions": {
                "item": {
                    "item": "minecraft:trident",
                    "enchantments": [
                        {
                            "enchantment": "minecraft:riptide"
                        }
                    ]
                }
            }
        }
    },
    "display": {
        "title": {
            "text": "Do a Barrel Roll!"
        },
        "description": {
            "text": "Use Riptide to give yourself a boost"
        },
        "icon": {
            "item": "minecraft:trident"
        },
        "frame": "task",
        "show_toast": true,
        "announce_to_chat": true,
        "hidden": false
    },
    "parent": "bedrock_edition:atlantis"
}