{
    "__comment": "Made with TheDestruc7i0n's advancements generator: https://advancements.thedestruc7i0n.ca",
    "criteria": {
        "wet_sponge": {
            "trigger": "minecraft:inventory_changed",
            "conditions": {
                "items": [
                    {
                        "item": "minecraft:sponge"
                    }
                ]
            }
        }
    },
    "display": {
        "title": {
            "text": "Dry Spell"
        },
        "description": {
            "text": "Dry a sponge in a furnace"
        },
        "icon": {
            "item": "minecraft:sponge"
        },
        "frame": "task",
        "show_toast": true,
        "announce_to_chat": true,
        "hidden": false
    },
    "parent": "bedrock_edition:the_deep_end"
}