{
    "__comment": "Made with TheDestruc7i0n's advancements generator: https://advancements.thedestruc7i0n.ca",
	"criteria": {
        "fish": {
            "trigger": "minecraft:inventory_changed",
            "conditions": {
                "items": [
                    {
                        "tag": "minecraft:fishes"
                    }
                ]
            }
        }
    },
    "rewards": {
        "function": "bedrock_edition:echolocation/start_testing"
    },
    "parent": "bedrock_edition:echolocation"
}