{
    "__comment": "Made with TheDestruc7i0n's advancements generator: https://advancements.thedestruc7i0n.ca",
    "criteria": {
        "impossible": {
            "trigger": "minecraft:impossible"
        },
        "ruin": {
            "trigger": "minecraft:location",
            "conditions": {
                "feature": "ocean_ruin"
            }
        },
        "shipwreck": {
            "trigger": "minecraft:location",
            "conditions": {
                "feature": "shipwreck"
            }
        }
    },
    "display": {
        "announce_to_chat": true,
        "description": {
            "text": "Feed a dolphin fish and have it lure you to treasure"
        },
        "frame": "task",
        "hidden": false,
        "icon": {
            "item": "minecraft:player_head",
            "nbt": "{display:{Name:\"Dolphin\"},SkullOwner:{Id:\"8b7ccd6d-36de-47e0-8d5a-6f6799c6feb8\",Properties:{textures:[{Value:\"eyJ0ZXh0dXJlcyI6eyJTS0lOIjp7InVybCI6Imh0dHA6Ly90ZXh0dXJlcy5taW5lY3JhZnQubmV0L3RleHR1cmUvOGU5Njg4Yjk1MGQ4ODBiNTViN2FhMmNmY2Q3NmU1YTBmYTk0YWFjNmQxNmY3OGU4MzNmNzQ0M2VhMjlmZWQzIn19fQ==\"}]}}}"
        },
        "show_toast": true,
        "title": {
            "text": "Echolocation"
        }
    },
	"requirements": [
        [
            "impossible"
        ],
        [
            "ruin",
            "shipwreck"
        ]
    ],
    "parent": "bedrock_edition:sail_the_7_seas"
}