{
    "__comment": "Made with TheDestruc7i0n's advancements generator: https://advancements.thedestruc7i0n.ca",
    "criteria": {
        "killed_evoker": {
            "trigger": "minecraft:player_killed_entity",
            "conditions": {
                "entity": {
                    "type": "minecraft:evoker"
                },
                "killing_blow": {
                    "source_entity": {
                        "type": "minecraft:player"
                    }
                }
            }
        }
    },
    "display": {
        "announce_to_chat": true,
        "description": {
            "text": "Defeat an Evoker"
        },
        "frame": "task",
        "hidden": false,
        "icon": {
            "item": "minecraft:player_head",
            "nbt": "{display:{Name:\"Evoker\"},SkullOwner:{Id:\"9aef1ff9-7e67-4954-8cb6-0bf685147fe6\",Properties:{textures:[{Value:\"eyJ0ZXh0dXJlcyI6eyJTS0lOIjp7InVybCI6Imh0dHA6Ly90ZXh0dXJlcy5taW5lY3JhZnQubmV0L3RleHR1cmUvNjMwY2U3NzVlZGI2NWRiOGMyNzQxYmRmYWU4NGYzYzBkMDI4NWFiYTkzYWZhZGM3NDkwMGQ1NWRmZDk1MDRhNSJ9fX0=\"}]}}}"
        },
        "show_toast": true,
        "title": {
            "text": "Feeling Ill"
        }
    },
    "parent": "bedrock_edition:sound_the_alarm"
}