{
    "__comment": "Made with TheDestruc7i0n's advancements generator: https://advancements.thedestruc7i0n.ca",
    "criteria": {
        "chest_minecart": {
            "trigger": "minecraft:inventory_changed",
            "conditions": {
                "items": [
                    {
                        "item": "minecraft:chest_minecart"
                    }
                ]
            }
        }
    },
    "rewards": {
        "function": "bedrock_edition:freight_station/start_testing"
    },
    "parent": "bedrock_edition:freight_station"
	
}