{
    "__comment": "Made with TheDestruc7i0n's advancements generator: https://advancements.thedestruc7i0n.ca",
    "criteria": {
        "banner_pattern": {
            "trigger": "minecraft:inventory_changed",
            "conditions": {
                "items": [
                    {
                        "item": "minecraft:mojang_banner_pattern"
                    }
                ]
            }
        }
    },
    "rewards": {
        "function": "bedrock_edition:fruit_on_the_loom/start_testing"
    },
    "parent": "bedrock_edition:fruit_on_the_loom"
}