{
    "__comment": "Made with TheDestruc7i0n's advancements generator: https://advancements.thedestruc7i0n.ca",
    "criteria": {
        "impossible": {
            "trigger": "minecraft:impossible"
        }
    },
    "display": {
        "title": {
            "text": "Fruit on the Loom"
        },
        "description": {
            "text": "Make a banner using a enchanted apple stencil."
        },
        "icon": {
            "item": "minecraft:mojang_banner_pattern"
        },
        "frame": "task",
        "show_toast": true,
        "announce_to_chat": true,
        "hidden": false
    },
    "parent": "bedrock_edition:buy_low_sell_high"
}