{
    "__comment": "Made with TheDestruc7i0n's advancements generator: https://advancements.thedestruc7i0n.ca",
    "criteria": {
        "logs": {
            "trigger": "minecraft:inventory_changed",
            "conditions": {
                "items": [
                    {
                        "tag": "minecraft:logs"
                    }
                ]
            }
        }
    },
    "display": {
        "title": {
            "text": "Getting Wood"
        },
        "description": {
            "text": "Attack a tree until a block of wood pops out"
        },
        "icon": {
            "item": "minecraft:oak_log"
        },
        "frame": "task",
        "show_toast": true,
        "announce_to_chat": true,
        "hidden": false
    },
    "parent": "bedrock_edition:moar_tools"
}