{
    "__comment": "Made with TheDestruc7i0n's advancements generator: https://advancements.thedestruc7i0n.ca",
    "criteria": {
        "impossible": {
            "trigger": "minecraft:impossible"
        }
    },
    "display": {
        "title": {
            "text": "Have a Shearful Day"
        },
        "description": {
            "text": "Use Shears to obtain wool from a sheep."
        },
        "icon": {
            "item": "minecraft:shears"
        },
        "frame": "task",
        "show_toast": true,
        "announce_to_chat": true,
        "hidden": false
    },
    "parent": "bedrock_edition:time_to_farm"
}