{
    "__comment": "Made with TheDestruc7i0n's advancements generator: https://advancements.thedestruc7i0n.ca",
    "criteria": {
        "shears": {
            "trigger": "minecraft:item_durability_changed",
            "conditions": {
                "item": {
                    "item": "minecraft:shears"
                }
            }
        }
    },
    "rewards": {
        "function": "bedrock_edition:have_a_shearful_day/start_testing"
    },
    "parent": "bedrock_edition:have_a_shearful_day"
}