{
    "__comment": "Made with TheDestruc7i0n's advancements generator: https://advancements.thedestruc7i0n.ca",
    "criteria": {
        "signs": {
            "trigger": "minecraft:placed_block",
            "conditions": {
                "item": {
                    "tag": "minecraft:signs"
                }
            }
        }
    },
    "display": {
        "title": {
            "text": "It's a Sign!"
        },
        "description": {
            "text": "Craft and place a Sign."
        },
        "icon": {
            "item": "minecraft:oak_sign"
        },
        "frame": "task",
        "show_toast": true,
        "announce_to_chat": true,
        "hidden": false
    },
    "parent": "bedrock_edition:getting_wood"
}