{
    "__comment": "Made with TheDestruc7i0n's advancements generator: https://advancements.thedestruc7i0n.ca",
    "criteria": {
        "ravager": {
            "trigger": "minecraft:player_killed_entity",
            "conditions": {
                "entity": {
                    "type": "minecraft:ravager"
                },
                "killing_blow": {
                    "source_entity": {
                        "type": "minecraft:player"
                    }
                }
            }
        }
    },
    "display": {
        "announce_to_chat": true,
        "description": {
            "text": "Description"
        },
        "frame": "task",
        "hidden": false,
        "icon": {
            "item": "minecraft:player_head",
            "nbt": "{display:{Name:\"Ravager\"},SkullOwner:{Id:\"c510588d-5bb3-499a-b05f-d0d26142bde7\",Properties:{textures:[{Value:\"eyJ0ZXh0dXJlcyI6eyJTS0lOIjp7InVybCI6Imh0dHA6Ly90ZXh0dXJlcy5taW5lY3JhZnQubmV0L3RleHR1cmUvY2QyMGJmNTJlYzM5MGEwNzk5Mjk5MTg0ZmM2NzhiZjg0Y2Y3MzJiYjFiZDc4ZmQxYzRiNDQxODU4ZjAyMzVhOCJ9fX0=\"}]}}}"
        },
        "show_toast": true,
        "title": {
            "text": "Kill the Beast!"
        }
    },
    "parent": "bedrock_edition:feeling_ill"
}