{
    "__comment": "Made with TheDestruc7i0n's advancements generator: https://advancements.thedestruc7i0n.ca",
    "criteria": {
        "bred": {
            "trigger": "minecraft:bred_animals",
            "conditions": {
                "child": {
                    "type": "minecraft:wolf"
                }
            }
        },
        "tamed": {
            "trigger": "minecraft:tame_animal",
            "conditions": {
                "entity": {
                    "type": "minecraft:wolf"
                }
            }
        }
    },
    "requirements": [
        [
            "bred",
            "tamed"
        ]
    ],
    "rewards": {
        "function": "bedrock_edition:leader_of_the_pack/start_testing"
    },
    "parent": "bedrock_edition:leader_of_the_pack"
}