{
    "__comment": "Made with TheDestruc7i0n's advancements generator: https://advancements.thedestruc7i0n.ca",
    "criteria": {
        "impossible1": {
            "trigger": "minecraft:impossible"
        },
        "impossible2": {
            "trigger": "minecraft:impossible"
        },
        "impossible3": {
            "trigger": "minecraft:impossible"
        },
        "impossible4": {
            "trigger": "minecraft:impossible"
        },
        "impossible5": {
            "trigger": "minecraft:impossible"
        }
    },
    "display": {
        "announce_to_chat": true,
        "description": {
            "text": "Befriend five Wolves."
        },
        "frame": "task",
        "hidden": false,
        "icon": {
            "item": "minecraft:player_head",
            "nbt": "{display:{Name:\"Wolf\"},SkullOwner:{Id:\"fa5d3210-6e39-47ca-adb4-a3b2f0f966d9\",Properties:{textures:[{Value:\"eyJ0ZXh0dXJlcyI6eyJTS0lOIjp7InVybCI6Imh0dHA6Ly90ZXh0dXJlcy5taW5lY3JhZnQubmV0L3RleHR1cmUvNjlkMWQzMTEzZWM0M2FjMjk2MWRkNTlmMjgxNzVmYjQ3MTg4NzNjNmM0NDhkZmNhODcyMjMxN2Q2NyJ9fX0=\"}]}}}"
        },
        "show_toast": true,
        "title": {
            "text": "Leader Of The Pack"
        }
    },
    "parent": "bedrock_edition:repopulation"
}