{
    "__comment": "Made with TheDestruc7i0n's advancements generator: https://advancements.thedestruc7i0n.ca",
    "criteria": {
        "impossible": {
            "trigger": "minecraft:impossible"
        }
    },
    "display": {
        "title": {
            "text": "Let it Go!"
        },
        "description": {
            "text": "Using the Frost Walker boots, walk on at least one block on frozen water on a deep ocean"
        },
        "icon": {
            "item": "minecraft:ice"
        },
        "frame": "task",
        "show_toast": true,
        "announce_to_chat": true,
        "hidden": false
    },
    "parent": "bedrock_edition:sail_the_7_seas"
}