{
    "__comment": "Made with TheDestruc7i0n's advancements generator: https://advancements.thedestruc7i0n.ca",
    "criteria": {
        "boots": {
            "trigger": "minecraft:inventory_changed",
            "conditions": {
                "items": [
                    {
                        "enchantments": [
                            {
                                "enchantment": "minecraft:frost_walker"
                            }
                        ]
                    }
                ]
            }
        },
        "deep_ocean": {
            "trigger": "minecraft:location",
            "conditions": {
                "biome": "minecraft:deep_ocean"
            }
        },
        "deep_warm_ocean": {
            "trigger": "minecraft:location",
            "conditions": {
                "biome": "minecraft:deep_warm_ocean"
            }
        },
        "deep_lukewarm_ocean": {
            "trigger": "minecraft:location",
            "conditions": {
                "biome": "minecraft:deep_lukewarm_ocean"
            }
        },
        "deep_cold_ocean": {
            "trigger": "minecraft:location",
            "conditions": {
                "biome": "minecraft:deep_cold_ocean"
            }
        },
        "deep_frozen_ocean": {
            "trigger": "minecraft:location",
            "conditions": {
                "biome": "minecraft:deep_frozen_ocean"
            }
        }
    },
    "requirements": [
        [
            "boots"
        ],
        [
            "deep_ocean",
            "deep_warm_ocean",
            "deep_lukewarm_ocean",
            "deep_cold_ocean",
            "deep_frozen_ocean"
        ]
    ],
    "rewards": {
        "function": "bedrock_edition:let_it_go/start_testing"
    },
    "parent": "bedrock_edition:let_it_go"
}