{
    "__comment": "Made with TheDestruc7i0n's advancements generator: https://advancements.thedestruc7i0n.ca",
    "criteria": {
        "impossible": {
            "trigger": "minecraft:impossible"
        }
    },
    "display": {
        "title": {
            "text": "Librarian"
        },
        "description": {
            "text": "Build some bookshelves to improve your enchantment table"
        },
        "icon": {
            "item": "minecraft:bookshelf"
        },
        "frame": "task",
        "show_toast": true,
        "announce_to_chat": true,
        "hidden": false
    },
    "parent": "bedrock_edition:cow_tipper"
}