{
    "__comment": "Made with TheDestruc7i0n's advancements generator: https://advancements.thedestruc7i0n.ca",
    "criteria": {
        "cod": {
            "trigger": "minecraft:inventory_changed",
            "conditions": {
                "items": [
                    {
                        "item": "minecraft:cod"
                    }
                ]
            }
        },
        "salmon": {
            "trigger": "minecraft:inventory_changed",
            "conditions": {
                "items": [
                    {
                        "item": "minecraft:salmon"
                    }
                ]
            }
        }
    },
    "requirements": [
        [
            "cod",
            "salmon"
        ]
    ],
    "rewards": {
        "function": "bedrock_edition:lion_tamer/start_testing"
    },
    "parent": "bedrock_edition:lion_tamer"
}