{
    "__comment": "Made with TheDestruc7i0n's advancements generator: https://advancements.thedestruc7i0n.ca",
    "criteria": {
        "impossible": {
            "trigger": "minecraft:impossible"
        }
    },
    "display": {
        "announce_to_chat": true,
        "description": {
            "text": "Gain the trust of an Ocelot."
        },
        "frame": "task",
        "hidden": false,
        "icon": {
            "item": "minecraft:player_head",
            "nbt": "{SkullOwner:{Id:\"664dd492-3fcd-443b-9e61-4c7ebd9e4e10\",Properties:{textures:[{Value:\"eyJ0ZXh0dXJlcyI6eyJTS0lOIjp7InVybCI6Imh0dHA6Ly90ZXh0dXJlcy5taW5lY3JhZnQubmV0L3RleHR1cmUvNTY1N2NkNWMyOTg5ZmY5NzU3MGZlYzRkZGNkYzY5MjZhNjhhMzM5MzI1MGMxYmUxZjBiMTE0YTFkYjEifX19\"}]}}}"
        },
        "show_toast": true,
        "title": {
            "text": "Lion Tamer"
        }
    },
    "parent": "bedrock_edition:plethora_of_cats"
}