{
    "__comment": "Made with TheDestruc7i0n's advancements generator: https://advancements.thedestruc7i0n.ca",
    "criteria": {
        "impossible": {
            "trigger": "minecraft:impossible"
        }
    },
    "display": {
        "title": {
            "text": "Map Room"
        },
        "description": {
            "text": "Place 9 maps into 9 item frames in a 3 by 3 square."
        },
        "icon": {
            "item": "minecraft:filled_map"
        },
        "frame": "task",
        "show_toast": true,
        "announce_to_chat": true,
        "hidden": false
    },
    "parent": "bedrock_edition:buy_low_sell_high"
}