{
    "__comment": "Made with TheDestruc7i0n's advancements generator: https://advancements.thedestruc7i0n.ca",
    "criteria": {
        "impossible": {
            "trigger": "minecraft:impossible"
        }
    },
    "display": {
        "title": {
            "text": "Master Trader"
        },
        "description": {
            "text": "Trade for 1,000 emeralds"
        },
        "icon": {
            "item": "minecraft:emerald_block"
        },
        "frame": "challenge",
        "show_toast": true,
        "announce_to_chat": true,
        "hidden": false
    },
    "rewards": {
        "experience": 100
    },
    "parent": "bedrock_edition:the_haggler"
}