{
    "__comment": "Made with TheDestruc7i0n's advancements generator: https://advancements.thedestruc7i0n.ca",
    "criteria": {
        "heart_of_the_sea": {
            "trigger": "minecraft:inventory_changed",
            "conditions": {
                "items": [
                    {
                        "item": "minecraft:heart_of_the_sea"
                    }
                ]
            }
        },
        "treasure": {
            "trigger": "minecraft:location",
            "conditions": {
                "feature": "buried_treasure"
            }
        }
    },
    "display": {
        "title": {
            "text": "Me Gold!"
        },
        "description": {
            "text": "Dig up a buried treasure"
        },
        "icon": {
            "item": "minecraft:heart_of_the_sea"
        },
        "frame": "task",
        "show_toast": true,
        "announce_to_chat": true,
        "hidden": false
    },
    "parent": "bedrock_edition:ahoy"
}