	{
    "__comment": "Made with TheDestruc7i0n's advancements generator: https://advancements.thedestruc7i0n.ca",
    "criteria": {
        "pickaxe": {
            "trigger": "minecraft:inventory_changed",
            "conditions": {
                "items": [
                    {
                        "tag": "bedrock_edition:pickaxes"
                    }
                ]
            }
        },
        "shovel": {
            "trigger": "minecraft:inventory_changed",
            "conditions": {
                "items": [
                    {
                        "tag": "bedrock_edition:shovels"
                    }
                ]
            }
        },
        "axe": {
            "trigger": "minecraft:inventory_changed",
            "conditions": {
                "items": [
                    {
                        "tag": "bedrock_edition:axes"
                    }
                ]
            }
        },
        "hoe": {
            "trigger": "minecraft:inventory_changed",
            "conditions": {
                "items": [
                    {
                        "tag": "bedrock_edition:hoes"
                    }
                ]
            }
        }
    },
    "display": {
        "title": {
            "text": "MOAR Tools"
        },
        "description": {
            "text": "Construct one type of each tool (one pickaxe, one shovel, one axe and one hoe)."
        },
        "icon": {
            "item": "minecraft:golden_pickaxe"
        },
        "frame": "task",
        "show_toast": true,
        "announce_to_chat": true,
        "hidden": false
    },
    "parent": "bedrock_edition:root"
}