{
    "__comment": "Made with TheDestruc7i0n's advancements generator: https://advancements.thedestruc7i0n.ca",
    "criteria": {
        "conduit": {
            "trigger": "minecraft:placed_block",
            "conditions": {
                "block": "minecraft:conduit"
            }
        },
        "conduit power": {
            "trigger": "minecraft:effects_changed"
        }
    },
    "rewards": {
        "function": "bedrock_edition:moskstraumen/start_testing"
    },
    "parent": "bedrock_edition:mokstraumen"
}