{
    "__comment": "Made with TheDestruc7i0n's advancements generator: https://advancements.thedestruc7i0n.ca",
    "criteria": {
        "impossible": {
            "trigger": "minecraft:impossible"
        }
    },
    "display": {
        "title": {
            "text": "Music to my Ears"
        },
        "description": {
            "text": "Play a music disc in a Jukebox."
        },
        "icon": {
            "item": "minecraft:jukebox"
        },
        "frame": "task",
        "show_toast": true,
        "announce_to_chat": true,
        "hidden": false
    },
    "parent": "bedrock_edition:archer"
}