{
    "__comment": "Made with TheDestruc7i0n's advancements generator: https://advancements.thedestruc7i0n.ca",
    "criteria": {
        "discs": {
            "trigger": "minecraft:inventory_changed",
            "conditions": {
                "items": [
                    {
                        "tag": "minecraft:music_discs"
                    }
                ]
            }
        }
    },
    "rewards": {
        "function": "bedrock_edition:music_to_my_ears/start_testing"
    },
    "parent": "bedrock_edition:music_to_my_ears"
}