{
    "__comment": "Made with TheDestruc7i0n's advancements generator: https://advancements.thedestruc7i0n.ca",
    "criteria": {
        "impossible": {
            "trigger": "minecraft:impossible"
        }
    },
    "display": {
        "title": {
            "text": "On A Rail"
        },
        "description": {
            "text": "Travel by minecart to a point at least 500m in a single direction from where you started."
        },
        "icon": {
            "item": "minecraft:rail"
        },
        "frame": "challenge",
        "show_toast": true,
        "announce_to_chat": true,
        "hidden": false
    },
    "rewards": {
        "experience": 50
    },
    "parent": "bedrock_edition:freight_station"
}