{
    "__comment": "Made with TheDestruc7i0n's advancements generator: https://advancements.thedestruc7i0n.ca",
    "criteria": {
        "pickles": {
            "trigger": "minecraft:placed_block",
            "conditions": {
                "block": "minecraft:sea_pickle",
                "state": {
                    "pickles": "4"
                }
            }
        }
    },
    "display": {
        "title": {
            "text": "One Pickle, Two Pickle, Sea Pickle, Four"
        },
        "description": {
            "text": "Place four Sea Pickles in a group"
        },
        "icon": {
            "item": "minecraft:sea_pickle"
        },
        "frame": "task",
        "show_toast": true,
        "announce_to_chat": true,
        "hidden": false
    },
    "parent": "bedrock_edition:sail_the_7_seas"
}