{
    "__comment": "Made with TheDestruc7i0n's advancements generator: https://advancements.thedestruc7i0n.ca",
    "criteria": {
        "boxes": {
            "trigger": "minecraft:inventory_changed",
            "conditions": {
                "items": [
                    {
                        "nbt": "{display:{}}",
                        "tag": "bedrock_edition:shulker_boxes"
                    }
                ]
            }
        }
    },
    "display": {
        "announce_to_chat": true,
        "description": {
            "text": "Name a Shulker Box with an Anvil"
        },
        "frame": "task",
        "hidden": false,
        "icon": {
            "item": "minecraft:shulker_box"
        },
        "show_toast": true,
        "title": {
            "text": "Organizational Wizard"
        }
    },
    "parent": "bedrock_edition:overpowered"
}