{
    "__comment": "Made with TheDestruc7i0n's advancements generator: https://advancements.thedestruc7i0n.ca",
    "criteria": {
        "9_damage": {
            "trigger": "minecraft:player_hurt_entity",
            "conditions": {
                "damage": {
                    "dealt": {
                        "min": 18
                    }
                }
            }
        }
    },
    "display": {
        "announce_to_chat": true,
        "description": {
            "text": "Deal nine hearts of damage in a single hit"
        },
        "frame": "goal",
        "hidden": false,
        "icon": {
            "item": "minecraft:diamond_sword",
            "nbt": "{Enchantments:[{}]}"
        },
        "show_toast": true,
        "title": {
            "text": "Overkill"
        }
    },
    "rewards": {
        "experience": 50
    },
    "parent": "bedrock_edition:beam_me_up"
}