{
    "__comment": "Made with TheDestruc7i0n's advancements generator: https://advancements.thedestruc7i0n.ca",
    "criteria": {
        "notch": {
            "trigger": "minecraft:consume_item",
            "conditions": {
                "item": {
                    "item": "minecraft:enchanted_golden_apple"
                }
            }
        }
    },
    "display": {
        "announce_to_chat": true,
        "description": {
            "text": "Eat a Notch apple"
        },
        "frame": "goal",
        "hidden": false,
        "icon": {
            "item": "minecraft:enchanted_golden_apple"
        },
        "show_toast": true,
        "title": {
            "text": "Overpowered"
        }
    },
    "rewards": {
        "experience": 50
    },
    "parent": "bedrock_edition:overkill"
}