{
    "__comment": "Made with TheDestruc7i0n's advancements generator: https://advancements.thedestruc7i0n.ca",
    "criteria": {
        "impossible": {
            "trigger": "minecraft:impossible"
        }
    },
    "display": {
        "title": {
            "text": "Passing the Time"
        },
        "description": {
            "text": "Play for 100 days."
        },
        "icon": {
            "item": "minecraft:clock"
        },
        "frame": "challenge",
        "show_toast": true,
        "announce_to_chat": true,
        "hidden": false
    },
    "rewards": {
        "experience": 100
    },
    "parent": "bedrock_edition:super_sonic"
}