{
    "__comment": "Made with TheDestruc7i0n's advancements generator: https://advancements.thedestruc7i0n.ca",
    "criteria": {
        "impossible1": {
            "trigger": "minecraft:impossible"
        },
        "impossible2": {
            "trigger": "minecraft:impossible"
        },
        "impossible3": {
            "trigger": "minecraft:impossible"
        },
        "impossible4": {
            "trigger": "minecraft:impossible"
        },
        "impossible5": {
            "trigger": "minecraft:impossible"
        },
        "impossible6": {
            "trigger": "minecraft:impossible"
        },
        "impossible7": {
            "trigger": "minecraft:impossible"
        },
        "impossible8": {
            "trigger": "minecraft:impossible"
        },
        "impossible9": {
            "trigger": "minecraft:impossible"
        },
        "impossible10": {
            "trigger": "minecraft:impossible"
        },
        "impossible11": {
            "trigger": "minecraft:impossible"
        },
        "impossible12": {
            "trigger": "minecraft:impossible"
        },
        "impossible13": {
            "trigger": "minecraft:impossible"
        },
        "impossible14": {
            "trigger": "minecraft:impossible"
        },
        "impossible15": {
            "trigger": "minecraft:impossible"
        },
        "impossible16": {
            "trigger": "minecraft:impossible"
        },
        "impossible17": {
            "trigger": "minecraft:impossible"
        },
        "impossible18": {
            "trigger": "minecraft:impossible"
        },
        "impossible19": {
            "trigger": "minecraft:impossible"
        },
        "impossible20": {
            "trigger": "minecraft:impossible"
        }
    },
    "display": {
        "announce_to_chat": true,
        "description": {
            "text": "Befriend twenty stray cats."
        },
        "frame": "task",
        "hidden": false,
        "icon": {
            "item": "minecraft:player_head",
            "nbt": "{display:{Name:\"Cat (tabby)\"},SkullOwner:{Id:\"18d071ee-a17c-46eb-866c-304a4823ac05\",Properties:{textures:[{Value:\"eyJ0ZXh0dXJlcyI6eyJTS0lOIjp7InVybCI6Imh0dHA6Ly90ZXh0dXJlcy5taW5lY3JhZnQubmV0L3RleHR1cmUvZGUyOGQzMGRiM2Y4YzNmZTUwY2E0ZjI2ZjMwNzVlMzZmMDAzYWU4MDI4MTM1YThjZDY5MmYyNGM5YTk4YWUxYiJ9fX0=\"}]}}}"
        },
        "show_toast": true,
        "title": {
            "text": "Plethora of Cats"
        }
    },
    "rewards": {
        "function": "65"
    },
    "parent": "bedrock_edition:where_have_you_been"
}