{
    "__comment": "Made with TheDestruc7i0n's advancements generator: https://advancements.thedestruc7i0n.ca",
    "criteria": {
        "pork": {
            "trigger": "minecraft:consume_item",
            "conditions": {
                "item": {
                    "item": "minecraft:cooked_porkchop"
                }
            }
        }
    },
    "display": {
        "announce_to_chat": true,
        "description": {
            "text": "Cook and eat a pork chop."
        },
        "frame": "task",
        "hidden": false,
        "icon": {
            "item": "minecraft:cooked_porkchop"
        },
        "show_toast": true,
        "title": {
            "text": "Pork Chop"
        }
    },
    "parent": "bedrock_edition:iron_belly"
}