{
    "__comment": "Made with TheDestruc7i0n's advancements generator: https://advancements.thedestruc7i0n.ca",
    "criteria": {
        "pot": {
            "trigger": "minecraft:placed_block",
            "conditions": {
                "block": "minecraft:flower_pot"
            }
        }
    },
    "display": {
        "title": {
            "text": "Pot Planter"
        },
        "description": {
            "text": "Craft and place a Flower Pot"
        },
        "icon": {
            "item": "minecraft:flower_pot"
        },
        "frame": "task",
        "show_toast": true,
        "announce_to_chat": true,
        "hidden": false
    },
    "parent": "bedrock_edition:hot_topic"
}