{
    "__comment": "Made with TheDestruc7i0n's advancements generator: https://advancements.thedestruc7i0n.ca",
    "criteria": {
        "rabbit": {
            "trigger": "minecraft:consume_item",
            "conditions": {
                "item": {
                    "item": "minecraft:cooked_rabbit"
                }
            }
        }
    },
    "display": {
        "title": {
            "text": "Rabbit Season"
        },
        "description": {
            "text": "Cook and eat a rabbit meat."
        },
        "icon": {
            "item": "minecraft:cooked_rabbit"
        },
        "frame": "task",
        "show_toast": true,
        "announce_to_chat": true,
        "hidden": false
    },
    "parent": "bedrock_edition:delicious_fish"
}