{
    "__comment": "Made with TheDestruc7i0n's advancements generator: https://advancements.thedestruc7i0n.ca",
    "criteria": {
        "impossible": {
            "trigger": "minecraft:impossible"
        }
    },
    "display": {
        "title": {
            "text": "Renewable Energy"
        },
        "description": {
            "text": "Smelt wood trunks using charcoal to make more charcoal."
        },
        "icon": {
            "item": "minecraft:charcoal"
        },
        "frame": "task",
        "show_toast": true,
        "announce_to_chat": true,
        "hidden": false
    },
    "parent": "bedrock_edition:hot_topic"
}