{
    "__comment": "Made with TheDestruc7i0n's advancements generator: https://advancements.thedestruc7i0n.ca",
    "criteria": {
        "cows": {
            "trigger": "minecraft:bred_animals",
            "conditions": {
                "parent": {
                    "type": "minecraft:cow"
                },
                "partner": {
                    "type": "minecraft:cow"
                }
            }
        }
    },
    "display": {
        "title": {
            "text": "Repopulation"
        },
        "description": {
            "text": "Breed two cows with wheat"
        },
        "icon": {
            "item": "minecraft:wheat"
        },
        "frame": "task",
        "show_toast": true,
        "announce_to_chat": true,
        "hidden": false
    },
    "parent": "bedrock_edition:time_to_farm"
}