{
    "__comment": "Made with TheDestruc7i0n's advancements generator: https://advancements.thedestruc7i0n.ca",
    "criteria": {
        "bedrock": {
            "trigger": "minecraft:tick"
        }
    },
    "display": {
        "title": {
            "text": "A piece of bedrock"
        },
        "description": {
            "text": "Succesfully install the Bedrock Advancement pack"
        },
        "icon": {
            "item": "minecraft:bedrock"
        },
        "frame": "task",
        "show_toast": true,
        "announce_to_chat": true,
        "hidden": false,
        "background": "minecraft:textures/block/bedrock.png"
    }
}