{
    "__comment": "Made with TheDestruc7i0n's advancements generator: https://advancements.thedestruc7i0n.ca",
    "criteria": {
        "horse": {
            "trigger": "minecraft:tame_animal",
            "conditions": {
                "entity": {
                    "type": "minecraft:horse"
                }
            }
        }
    },
    "display": {
        "title": {
            "text": "Saddle Up"
        },
        "description": {
            "text": "Tame a horse."
        },
        "icon": {
            "item": "minecraft:apple"
        },
        "frame": "task",
        "show_toast": true,
        "announce_to_chat": true,
        "hidden": false
    },
    "parent": "bedrock_edition:repopulation"
}