{
    "__comment": "Made with TheDestruc7i0n's advancements generator: https://advancements.thedestruc7i0n.ca",
    "criteria": {
        "deep_frozen": {
            "trigger": "minecraft:location",
            "conditions": {
                "biome": "minecraft:deep_frozen_ocean"
            }
        },
        "frozen": {
            "trigger": "minecraft:location",
            "conditions": {
                "biome": "minecraft:frozen_ocean"
            }
        },
        "deep_cold": {
            "trigger": "minecraft:location",
            "conditions": {
                "biome": "minecraft:deep_cold_ocean"
            }
        },
        "cold": {
            "trigger": "minecraft:location",
            "conditions": {
                "biome": "minecraft:cold_ocean"
            }
        },
        "deep_lukewarm": {
            "trigger": "minecraft:location",
            "conditions": {
                "biome": "minecraft:deep_lukewarm_ocean"
            }
        },
        "lukewarm": {
            "trigger": "minecraft:location",
            "conditions": {
                "biome": "minecraft:lukewarm_ocean"
            }
        },
        "warm": {
            "trigger": "minecraft:location",
            "conditions": {
                "biome": "minecraft:warm_ocean"
            }
        },
        "deep": {
            "trigger": "minecraft:location",
            "conditions": {
                "biome": "minecraft:deep_ocean"
            }
        }
    },
    "display": {
        "title": {
            "text": "Sail the 7 Seas"
        },
        "description": {
            "text": "Visit all ocean biomes"
        },
        "icon": {
            "item": "minecraft:oak_boat"
        },
        "frame": "task",
        "show_toast": true,
        "announce_to_chat": true,
        "hidden": false
    },
    "parent": "bedrock_edition:getting_wood"
}