{
    "__comment": "Made with TheDestruc7i0n's advancements generator: https://advancements.thedestruc7i0n.ca",
    "criteria": {
        "impossible": {
            "trigger": "minecraft:impossible"
        }
    },
    "display": {
        "announce_to_chat": true,
        "description": {
            "text": "Spend a day underwater"
        },
        "frame": "challenge",
        "hidden": false,
        "icon": {
            "item": "minecraft:player_head",
            "nbt": "{display:{Name:\"Drowned\"},SkullOwner:{Id:\"8c2ddebb-2b2e-4a0d-a4e4-601e58fcf2a6\",Properties:{textures:[{Value:\"eyJ0ZXh0dXJlcyI6eyJTS0lOIjp7InVybCI6Imh0dHA6Ly90ZXh0dXJlcy5taW5lY3JhZnQubmV0L3RleHR1cmUvYzg0ZGY3OWM0OTEwNGIxOThjZGFkNmQ5OWZkMGQwYmNmMTUzMWM5MmQ0YWI2MjY5ZTQwYjdkM2NiYmI4ZTk4YyJ9fX0=\"}]}}}"
        },
        "show_toast": true,
        "title": {
            "text": "Sleep with the Fishes"
        }
    },
    "parent": "bedrock_edition:free_diver"
}