{
    "__comment": "Made with TheDestruc7i0n's advancements generator: https://advancements.thedestruc7i0n.ca",
    "criteria": {
        "impossible": {
            "trigger": "minecraft:impossible"
        }
    },
    "display": {
        "title": {
            "text": "Smelt Everything!"
        },
        "description": {
            "text": "Connect three chests to a single furnace using three hoppers."
        },
        "icon": {
            "item": "minecraft:hopper"
        },
        "frame": "goal",
        "show_toast": true,
        "announce_to_chat": true,
        "hidden": false
    },
    "parent": "bedrock_edition:renewable_energy"
}