{
    "__comment": "Made with TheDestruc7i0n's advancements generator: https://advancements.thedestruc7i0n.ca",
    "criteria": {
        "impossible": {
            "trigger": "minecraft:impossible"
        }
    },
    "display": {
        "announce_to_chat": true,
        "description": {
            "text": "Lead a Caravan containing at least 5 Llamas"
        },
        "frame": "task",
        "hidden": false,
        "icon": {
            "item": "minecraft:player_head",
            "nbt": "{display:{Name:\"Llama (creamy)\"},SkullOwner:{Id:\"80ca63af-9c3f-490e-9946-a5e4d9b5fe0b\",Properties:{textures:[{Value:\"eyJ0ZXh0dXJlcyI6eyJTS0lOIjp7InVybCI6Imh0dHA6Ly90ZXh0dXJlcy5taW5lY3JhZnQubmV0L3RleHR1cmUvMmE1ZjEwZTZlNjIzMmYxODJmZTk2NmY1MDFmMWMzNzk5ZDQ1YWUxOTAzMWExZTQ5NDFiNWRlZTBmZWZmMDU5YiJ9fX0=\"}]}}}"
        },
        "show_toast": true,
        "title": {
            "text": "So I Got That Going for Me"
        }
    },
    "parent": "bedrock_edition:artificial_selection"
}