{
    "__comment": "Made with TheDestruc7i0n's advancements generator: https://advancements.thedestruc7i0n.ca",
    "criteria": {
        "lead": {
            "trigger": "minecraft:inventory_changed",
            "conditions": {
                "items": [
                    {
                        "item": "minecraft:lead"
                    }
                ]
            }
        }
    },
    "rewards": {
        "function": "bedrock_edition:so_i_got_that_going_for_me/start_testing"
    },
    "parent": "bedrock_edition:so_i_got_that_going_for_me"
}