{
    "__comment": "Made with TheDestruc7i0n's advancements generator: https://advancements.thedestruc7i0n.ca",
    "criteria": {
        "impossible": {
            "trigger": "minecraft:impossible"
        }
    },
    "display": {
        "title": {
            "text": "Sound the Alarm!"
        },
        "description": {
            "text": "Ring the bell with a hostile enemy in the village"
        },
        "icon": {
            "item": "minecraft:bell"
        },
        "frame": "task",
        "show_toast": true,
        "announce_to_chat": true,
        "hidden": false
    },
    "parent": "bedrock_edition:we_re_being_attacked"
}