{
    "__comment": "Made with TheDestruc7i0n's advancements generator: https://advancements.thedestruc7i0n.ca",
    "criteria": {
        "lava": {
            "trigger": "minecraft:enter_block",
            "conditions": {
                "block": "minecraft:lava"
            }
        },
        "fire_res": {
            "trigger": "minecraft:effects_changed",
            "conditions": {
                "effects": {
                    "minecraft:fire_resistance": {
                        "duration": {
                            "min": 1,
                            "max": 9999999
                        }
                    }
                }
            }
        }
    },
    "rewards": {
        "function": "bedrock_edition:stayin_frosty/start_testing"
    },
    "parent": "bedrock_edition:stayin_frosty"
}