{
    "__comment": "Made with TheDestruc7i0n's advancements generator: https://advancements.thedestruc7i0n.ca",
    "criteria": {
        "impossible": {
            "trigger": "minecraft:impossible"
        }
    },
    "display": {
        "title": {
            "text": "Stayin' Frosty"
        },
        "description": {
            "text": "Swim in lava while having the Fire Resistance effect"
        },
        "icon": {
            "item": "minecraft:magma_cream"
        },
        "frame": "task",
        "show_toast": true,
        "announce_to_chat": true,
        "hidden": false
    },
    "parent": "bedrock_edition:iron_man"
}