{
    "__comment": "Made with TheDestruc7i0n's advancements generator: https://advancements.thedestruc7i0n.ca",
    "criteria": {
        "lava": {
            "trigger": "minecraft:inventory_changed",
            "conditions": {
                "items": [
                    {
                        "item": "minecraft:lava_bucket"
                    }
                ]
            }
        }
    },
    "rewards": {
        "function": "bedrock_edition:super_fuel/start_testing"
    },
    "parent": "bedrock_edition:super_fuel"
}