{
    "__comment": "Made with TheDestruc7i0n's advancements generator: https://advancements.thedestruc7i0n.ca",
    "criteria": {
        "impossible": {
            "trigger": "minecraft:impossible"
        }
    },
    "display": {
        "title": {
            "text": "Super Sonic"
        },
        "description": {
            "text": "Fly with the elytra through a 1 by 1 gap while moving faster than 40 m/s"
        },
        "icon": {
            "item": "minecraft:elytra"
        },
        "frame": "task",
        "show_toast": true,
        "announce_to_chat": true,
        "hidden": false
    },
    "parent": "bedrock_edition:organizational_wizard"
}