{
    "__comment": "Made with TheDestruc7i0n's advancements generator: https://advancements.thedestruc7i0n.ca",
    "criteria": {
        "impossible": {
            "trigger": "minecraft:impossible"
        }
    },
    "display": {
        "announce_to_chat": true,
        "description": {
            "text": "Poison a witch with a splash potion."
        },
        "frame": "task",
        "hidden": false,
        "icon": {
            "item": "minecraft:splash_potion",
            "nbt": "{Potion:\"minecraft:poison\"}"
        },
        "show_toast": true,
        "title": {
            "text": "Taste of Your Own Medicine"
        }
    },
    "parent": "bedrock_edition:kill_the_beast"
}