{
    "__comment": "Made with TheDestruc7i0n's advancements generator: https://advancements.thedestruc7i0n.ca",
    "criteria": {
        "poison": {
            "trigger": "minecraft:inventory_changed",
            "conditions": {
                "items": [
                    {
                        "item": "minecraft:splash_potion",
                        "potion": "minecraft:poison"
                    }
                ]
            }
        }
    },
    "rewards": {
        "function": "bedrock_edition:taste_of_your_own_medicine/start_testing"
    },
    "parent": "bedrock_edition:taste_of_your_own_medicine"
}