{
    "__comment": "Made with TheDestruc7i0n's advancements generator: https://advancements.thedestruc7i0n.ca",
    "criteria": {
        "wither": {
            "trigger": "minecraft:player_killed_entity",
            "conditions": {
                "entity": {
                    "type": "minecraft:wither"
                },
                "killing_blow": {
                    "source_entity": {
                        "type": "minecraft:player"
                    }
                }
            }
        }
    },
    "display": {
        "title": {
            "text": "The Beginning."
        },
        "description": {
            "text": "Kill the Wither"
        },
        "icon": {
            "item": "minecraft:nether_star"
        },
        "frame": "challenge",
        "show_toast": true,
        "announce_to_chat": true,
        "hidden": false
    },
    "rewards": {
        "experience": 100,
        "function": "bedrock_edition:super_fuel/start_testing"
    },
    "parent": "bedrock_edition:stayin_frosty"
}