{
    "__comment": "Made with TheDestruc7i0n's advancements generator: https://advancements.thedestruc7i0n.ca",
    "criteria": {
        "impossible": {
            "trigger": "minecraft:impossible"
        }
    },
    "display": {
        "announce_to_chat": true,
        "description": {
            "text": "Wheat, sugar, milk, and eggs!"
        },
        "frame": "task",
        "hidden": false,
        "icon": {
            "item": "minecraft:cake"
        },
        "show_toast": true,
        "title": {
            "text": "The Lie"
        }
    },
    "parent": "bedrock_edition:bake_bread"
}