{
    "__comment": "Made with TheDestruc7i0n's advancements generator: https://advancements.thedestruc7i0n.ca",
    "criteria": {
        "helmet": {
            "trigger": "minecraft:inventory_changed",
            "conditions": {
                "items": [
                    {
                        "item": "minecraft:leather_helmet",
                        "nbt": "{display:{}}"
                    }
                ]
            }
        },
        "leggings": {
            "trigger": "minecraft:inventory_changed",
            "conditions": {
                "items": [
                    {
                        "item": "minecraft:leather_leggings",
                        "nbt": "{display:{}}"
                    }
                ]
            }
        },
        "chestplate": {
            "trigger": "minecraft:inventory_changed",
            "conditions": {
                "items": [
                    {
                        "item": "minecraft:leather_chestplate",
                        "nbt": "{display:{}}"
                    }
                ]
            }
        },
        "boots": {
            "trigger": "minecraft:inventory_changed",
            "conditions": {
                "items": [
                    {
                        "item": "minecraft:leather_boots",
                        "nbt": "{display:{}}"
                    }
                ]
            }
        }
    },
    "display": {
        "title": {
            "text": "Tie Dye Outfit"
        },
        "description": {
            "text": "Dye all 4 unique pieces of leather armor."
        },
        "icon": {
            "item": "minecraft:cauldron"
        },
        "frame": "task",
        "show_toast": true,
        "announce_to_chat": true,
        "hidden": false
    },
    "parent": "bedrock_edition:cow_tipper"
}