{
    "__comment": "Made with TheDestruc7i0n's advancements generator: https://advancements.thedestruc7i0n.ca",
    "criteria": {
        "wood": {
            "trigger": "minecraft:inventory_changed",
            "conditions": {
                "items": [
                    {
                        "item": "minecraft:wooden_hoe"
                    }
                ]
            }
        }
    },
    "display": {
        "title": {
            "text": "Time to Farm!"
        },
        "description": {
            "text": "Use planks and sticks to make a hoe"
        },
        "icon": {
            "item": "minecraft:stone_hoe"
        },
        "frame": "task",
        "show_toast": true,
        "announce_to_chat": true,
        "hidden": false
    },
    "parent": "bedrock_edition:moar_tools"
}