{
    "__comment": "Made with TheDestruc7i0n's advancements generator: https://advancements.thedestruc7i0n.ca",
    "criteria": {
        "impossible": {
            "trigger": "minecraft:placed_block",
            "conditions": {
                "block": "minecraft:scaffolding",
                "location": {
                    "position": {
                        "y": {
                            "min": 255,
                            "max": 255
                        }
                    }
                }
            }
        }
    },
    "display": {
        "title": {
            "text": "Top of the World"
        },
        "description": {
            "text": "Place Scaffolding to the world limit."
        },
        "icon": {
            "item": "minecraft:scaffolding"
        },
        "frame": "task",
        "show_toast": true,
        "announce_to_chat": true,
        "hidden": false
    },
    "parent": "bedrock_edition:when_pigs_fly"
}