{
    "__comment": "Made with TheDestruc7i0n's advancements generator: https://advancements.thedestruc7i0n.ca",
    "criteria": {
        "impossible": {
            "trigger": "minecraft:impossible"
        }
    },
    "display": {
        "announce_to_chat": true,
        "description": {
            "text": "Acquire a map from a cartographer villager, then enter the revealed structure"
        },
        "frame": "task",
        "hidden": false,
        "icon": {
            "item": "minecraft:filled_map",
            "nbt": "{display:{MapColor:3830373}}"
        },
        "show_toast": true,
        "title": {
            "text": "Treasure Hunter"
        }
    },
    "parent": "bedrock_edition:map_room"
}