{
    "__comment": "Made with TheDestruc7i0n's advancements generator: https://advancements.thedestruc7i0n.ca",
    "criteria": {
        "raid": {
            "trigger": "minecraft:voluntary_exile"
        }
    },
    "display": {
        "announce_to_chat": true,
        "description": {
            "text": "Trigger a Pillager Raid."
        },
        "frame": "task",
        "hidden": false,
        "icon": {
            "item": "minecraft:player_head",
            "nbt": "{SkullOwner:{Id:\"1ac9d5aa-46ef-4d71-b077-4564382c0a43\",Properties:{textures:[{Value:\"eyJ0ZXh0dXJlcyI6eyJTS0lOIjp7InVybCI6Imh0dHA6Ly90ZXh0dXJlcy5taW5lY3JhZnQubmV0L3RleHR1cmUvNGFlZTZiYjM3Y2JmYzkyYjBkODZkYjVhZGE0NzkwYzY0ZmY0NDY4ZDY4Yjg0OTQyZmRlMDQ0MDVlOGVmNTMzMyJ9fX0=\"}]}}}"
        },
        "show_toast": true,
        "title": {
            "text": "We're being attacked!"
        }
    },
    "parent": "bedrock_edition:time_to_strike"
}