{
    "__comment": "Made with TheDestruc7i0n's advancements generator: https://advancements.thedestruc7i0n.ca",
    "criteria": {
        "impossible": {
            "trigger": "minecraft:impossible"
        }
    },
    "display": {
        "title": {
            "text": "When Pigs Fly"
        },
        "description": {
            "text": "Fly a pig off a cliff"
        },
        "icon": {
            "item": "minecraft:saddle"
        },
        "frame": "task",
        "show_toast": true,
        "announce_to_chat": true,
        "hidden": false
    },
    "parent": "bedrock_edition:beam_me_up"
}