{
    "__comment": "Made with TheDestruc7i0n's advancements generator: https://advancements.thedestruc7i0n.ca",
    "criteria": {
        "impossible": {
            "trigger": "minecraft:impossible"
        }
    },
    "display": {
        "announce_to_chat": true,
        "description": {
            "text": "Receive a gift from a tamed cat in the morning."
        },
        "frame": "task",
        "hidden": false,
        "icon": {
            "item": "minecraft:player_head",
            "nbt": "{SkullOwner:{Id:\"024560fb-84a5-40cf-b6a1-c8f9d9db2fe9\",Properties:{textures:[{Value:\"eyJ0ZXh0dXJlcyI6eyJTS0lOIjp7InVybCI6Imh0dHA6Ly90ZXh0dXJlcy5taW5lY3JhZnQubmV0L3RleHR1cmUvMzQwMDk3MjcxYmI2ODBmZTk4MWU4NTllOGJhOTNmZWEyOGI4MTNiMTA0MmJkMjc3ZWEzMzI5YmVjNDkzZWVmMyJ9fX0=\"}]}}}"
        },
        "show_toast": true,
        "title": {
            "text": "Where Have You Been?"
        }
    },
    "parent": "bedrock_edition:repopulation"
}