{
    "__comment": "Made with TheDestruc7i0n's advancements generator: https://advancements.thedestruc7i0n.ca",
    "criteria": {
        "sleep": {
            "trigger": "minecraft:slept_in_bed"
        },
        "anything": {
            "trigger": "minecraft:inventory_changed",
            "conditions": {
                "items": [
                    {
                        "tag": "bedrock_edition:morning_gifts"
                    }
                ]
            }
        }
    },
    "rewards": {
        "function": "bedrock_edition:where_have_you_been/start_testing"
    },
    "parent": "bedrock_edition:where_have_you_been"
}