{
    "__comment": "Made with TheDestruc7i0n's advancements generator: https://advancements.thedestruc7i0n.ca",
    "criteria": {
        "panda": {
            "trigger": "minecraft:bred_animals",
            "conditions": {
                "parent": {
                    "type": "minecraft:panda"
                },
                "partner": {
                    "type": "minecraft:panda"
                }
            }
        }
    },
    "display": {
        "announce_to_chat": true,
        "description": {
            "text": "Breed two Pandas with bamboo."
        },
        "frame": "task",
        "hidden": false,
        "icon": {
            "item": "minecraft:player_head",
            "nbt": "{SkullOwner:{Id:\"bf7435c9-b7eb-49e9-8887-60697f8081b9\",Properties:{textures:[{Value:\"eyJ0ZXh0dXJlcyI6eyJTS0lOIjp7InVybCI6Imh0dHA6Ly90ZXh0dXJlcy5taW5lY3JhZnQubmV0L3RleHR1cmUvZGNhMDk2ZWVhNTA2MzAxYmVhNmQ0YjE3ZWUxNjA1NjI1YTZmNTA4MmM3MWY3NGE2MzljYzk0MDQzOWY0NzE2NiJ9fX0=\"}]}}}"
        },
        "show_toast": true,
        "title": {
            "text": "Zoologist"
        }
    },
    "parent": "bedrock_edition:leader_of_the_pack"
}